method,classifier,top1,seed,retrieval,eval,n_refs,top_5,n_views
baseline,vit_base_patch16_224,0.4671,71397589,random,zero,64.0,47.94,
baseline,swin_base_patch4_window7_224,0.5881,71397589,random,zero,2.0,59.760000000000005,
baseline,swin_base_patch4_window7_224,0.5881,71397589,random,tpt,2.0,72.54333333333334,
baseline,resnet18,0.3839,71397589,random,zero,64.0,51.56333333333334,
baseline,swin_base_patch4_window7_224,0.5929666666666666,71397589,random,vanilla,2.0,74.29,
baseline,densenet121,0.42246666666666666,71397589,random,tpt,64.0,59.13666666666667,
baseline,densenet121,0.4167666666666667,71397589,random,zero,16.0,49.93,
baseline,densenet121,0.38626666666666665,71397589,random,zero,64.0,40.08,
baseline,densenet121,0.4071,71397589,random,vanilla,4.0,58.373333333333335,
baseline,resnet18,0.38076666666666664,71397589,random,tpt,16.0,50.973333333333336,
baseline,resnet18,0.37116666666666664,71397589,random,vanilla,8.0,53.50333333333334,
baseline,densenet121,0.4053333333333333,71397589,random,tpt,8.0,55.70666666666667,
baseline,resnet18,0.373,71397589,random,vanilla,16.0,53.946666666666665,
baseline,swin_base_patch4_window7_224,0.6131,71397589,random,zero,32.0,70.56666666666666,
baseline,densenet121,0.415,71397589,random,vanilla,16.0,59.650000000000006,
baseline,densenet121,0.3964,71397589,random,vanilla,2.0,57.35333333333333,
baseline,swin_base_patch4_window7_224,0.5977666666666667,71397589,random,vanilla,4.0,74.65666666666667,
baseline,swin_base_patch4_window7_224,0.5880333333333333,71397589,random,tpt,4.0,71.81666666666666,
baseline,resnet18,0.33623333333333333,265017005,random,vanilla,1.0,49.980000000000004,
baseline,densenet121,0.38626666666666665,265017005,random,vanilla,1.0,56.25333333333333,
baseline,resnet18,0.3694,71397589,random,zero,8.0,42.483333333333334,
baseline,swin_base_patch4_window7_224,0.5880333333333333,71397589,random,zero,4.0,59.73333333333334,
baseline,swin_base_patch4_window7_224,0.6095666666666667,71397589,random,vanilla,32.0,75.61,
baseline,densenet121,0.41773333333333335,71397589,random,tpt,32.0,58.269999999999996,
baseline,swin_base_patch4_window7_224,0.5923333333333334,71397589,random,zero,8.0,64.53333333333333,
baseline,resnet18,0.3627,71397589,random,zero,4.0,37.86333333333333,
baseline,dinov2_vitb14,0.6746666666666666,71397589,random,tpt,64.0,81.45666666666666,
baseline,ViT-B-16,0.6442333333333333,71397589,random,zero,64.0,65.32333333333334,
baseline,swin_base_patch4_window7_224,0.5921,71397589,random,tpt,8.0,71.28999999999999,
baseline,dinov2_vitb14,0.6746666666666666,71397589,random,zero,64.0,68.24333333333334,
baseline,ViT-B-16,0.6442333333333333,71397589,random,tpt,64.0,83.69666666666666,
baseline,swin_base_patch4_window7_224,0.6060333333333333,71397589,random,vanilla,8.0,75.18666666666667,
baseline,ViT-B-16,0.0067666666666666665,265017005,random,vanilla,1.0,3.2266666666666666,
baseline,densenet121,0.4002,71397589,random,tpt,4.0,55.58,
baseline,resnet18,0.35233333333333333,71397589,random,vanilla,2.0,51.453333333333326,
baseline,resnet18,0.38443333333333335,71397589,random,zero,32.0,49.43333333333334,
baseline,resnet18,0.36136666666666667,71397589,random,vanilla,4.0,52.72666666666667,
baseline,swin_base_patch4_window7_224,0.5909666666666666,71397589,random,tpt,16.0,70.60333333333332,
baseline,densenet121,0.3920666666666667,71397589,random,tpt,2.0,55.97,
baseline,densenet121,0.4124333333333333,71397589,random,vanilla,8.0,59.07,
baseline,swin_base_patch4_window7_224,0.6094666666666667,71397589,random,vanilla,64.0,75.88000000000001,
baseline,resnet18,0.33623333333333333,71397589,random,tpt,64.0,49.980000000000004,
baseline,swin_base_patch4_window7_224,0.6144666666666667,71397589,random,zero,64.0,72.48,
baseline,resnet18,0.35063333333333335,71397589,random,zero,2.0,36.67,
baseline,densenet121,0.4052,71397589,random,zero,8.0,46.08,
baseline,ViT-B-16,0.6442333333333333,71397589,random,vanilla,64.0,83.69666666666666,
baseline,resnet18,0.33623333333333333,71397589,random,vanilla,64.0,49.980000000000004,
baseline,resnet18,0.3752,71397589,random,vanilla,64.0,54.53333333333333,
baseline,vit_base_patch16_224,0.4671,265017005,random,vanilla,1.0,62.35000000000001,
baseline,dinov2_vitb14,0.004533333333333334,265017005,random,vanilla,1.0,2.07,
baseline,resnet18,0.3627,71397589,random,tpt,4.0,50.46666666666667,
baseline,densenet121,0.41896666666666665,71397589,random,vanilla,64.0,60.196666666666665,
baseline,resnet18,0.35063333333333335,71397589,random,tpt,2.0,50.28666666666667,
baseline,densenet121,0.40763333333333335,71397589,random,tpt,16.0,55.13,
baseline,densenet121,0.4233,71397589,random,zero,64.0,55.76,
baseline,resnet18,0.33623333333333333,71397589,random,zero,64.0,35.25333333333333,
baseline,vit_base_patch16_224,0.4671,71397589,random,vanilla,64.0,62.35000000000001,
baseline,resnet18,0.39086666666666664,71397589,random,tpt,64.0,54.773333333333326,
baseline,densenet121,0.38626666666666665,71397589,random,tpt,64.0,56.25333333333333,
baseline,resnet18,0.37943333333333334,71397589,random,zero,16.0,45.943333333333335,
baseline,resnet18,0.37396666666666667,71397589,random,vanilla,32.0,54.50000000000001,
baseline,vit_base_patch16_224,0.4671,71397589,random,tpt,64.0,62.35000000000001,
baseline,densenet121,0.3920666666666667,71397589,random,zero,2.0,40.64333333333333,
baseline,swin_base_patch4_window7_224,0.6083666666666666,71397589,random,zero,16.0,67.74,
baseline,swin_base_patch4_window7_224,0.5879333333333333,71397589,random,vanilla,64.0,74.12333333333333,
baseline,swin_base_patch4_window7_224,0.5879333333333333,265017005,random,vanilla,1.0,74.12333333333333,
baseline,densenet121,0.41636666666666666,71397589,random,vanilla,32.0,59.95,
baseline,dinov2_vitb14,0.6746666666666666,71397589,random,vanilla,64.0,81.45666666666666,
baseline,swin_base_patch4_window7_224,0.5879333333333333,71397589,random,zero,64.0,59.72,
baseline,swin_base_patch4_window7_224,0.6094333333333334,71397589,random,vanilla,16.0,75.49,
baseline,swin_base_patch4_window7_224,0.5879333333333333,71397589,random,tpt,64.0,74.12333333333333,
baseline,resnet18,0.37446666666666667,71397589,random,tpt,8.0,50.949999999999996,
baseline,densenet121,0.4210333333333333,71397589,random,zero,32.0,53.61,
baseline,resnet18,0.387,71397589,random,tpt,32.0,54.016666666666666,
baseline,densenet121,0.38626666666666665,71397589,random,vanilla,64.0,56.25333333333333,
baseline,densenet121,0.4002,71397589,random,zero,4.0,41.5,
geometric_tta,swin_base_patch4_window7_224,0.6083666666666666,71397589,,,,,16.0
geometric_tta,,0.42233333333333334,133560673,,,,,64.0
geometric_tta,swin_base_patch4_window7_224,0.6048333333333333,265017005,,,,,32.0
geometric_tta,,0.6091,265017005,,,,,64.0
geometric_tta,swin_base_patch4_window7_224,0.6035,71397589,,,,,32.0
geometric_tta,swin_base_patch4_window7_224,0.6034666666666667,133560673,,,,,8.0
geometric_tta,densenet121,0.38626666666666665,71397589,,,,56.25333333333333,1.0
geometric_tta,densenet121,0.4053333333333333,71397589,,,,,8.0
geometric_tta,resnet18,0.38443333333333335,71397589,,,,,32.0
geometric_tta,,0.6105333333333334,71397589,,,,,64.0
geometric_tta,dinov2_vitb14,0.0030666666666666668,71397589,,,,,64.0
geometric_tta,,0.3752,71397589,,,,,64.0
geometric_tta,swin_base_patch4_window7_224,0.6123333333333333,265017005,,,,,32.0
geometric_tta,,0.34276666666666666,133560673,,,,,
geometric_tta,dinov2_vitb14,0.0037333333333333333,133560673,,,,,64.0
geometric_tta,ViT-B-16,0.006533333333333334,265017005,,,,,32.0
geometric_tta,vit_base_patch16_224,0.5112,133560673,,,,,32.0
geometric_tta,,0.39086666666666664,71397589,,,,,64.0
geometric_tta,densenet121,0.4174,133560673,,,,,16.0
geometric_tta,,0.41896666666666665,71397589,,,,,64.0
geometric_tta,,0.3957,71397589,,,,,
geometric_tta,dinov2_vitb14,0.0036666666666666666,71397589,,,,,64.0
geometric_tta,,0.4233,71397589,,,,,64.0
geometric_tta,densenet121,0.41883333333333334,133560673,,,,,32.0
geometric_tta,,0.6079333333333333,265017005,,,,,64.0
geometric_tta,vit_base_patch16_224,0.5121,265017005,,,,,32.0
geometric_tta,vit_base_patch16_224,0.6119666666666667,71397589,,,,,16.0
geometric_tta,ViT-B-16,0.6614333333333333,71397589,,,,85.00666666666666,32.0
geometric_tta,vit_base_patch16_224,0.6057666666666667,71397589,,,,,8.0
geometric_tta,vit_base_patch16_224,0.5946666666666667,71397589,,,,,8.0
geometric_tta,resnet18,0.3791,133560673,,,,,16.0
geometric_tta,resnet18,0.37943333333333334,133560673,,,,,16.0
geometric_tta,densenet121,0.4153,133560673,,,,,16.0
geometric_tta,ViT-B-16,0.006833333333333334,265017005,,,,,64.0
geometric_tta,swin_base_patch4_window7_224,0.6095666666666667,71397589,,,,75.61,32.0
geometric_tta,,0.6121333333333333,133560673,,,,,64.0
geometric_tta,swin_base_patch4_window7_224,0.5914333333333334,133560673,,,,,8.0
geometric_tta,,0.3957,265017005,,,,,
geometric_tta,resnet18,0.3668,133560673,,,,,8.0
geometric_tta,dinov2_vitb14,0.0033333333333333335,71397589,,,,,64.0
geometric_tta,dinov2_vitb14,0.003966666666666667,133560673,,,,,32.0
geometric_tta,,0.6153333333333333,265017005,,,,,64.0
geometric_tta,resnet18,0.3722666666666667,133560673,,,,,16.0
geometric_tta,,0.34276666666666666,133560673,,,,,
geometric_tta,resnet18,0.37393333333333334,71397589,,,,,32.0
geometric_tta,densenet121,0.40763333333333335,71397589,,,,,16.0
geometric_tta,densenet121,0.4061,133560673,,,,,8.0
geometric_tta,dinov2_vitb14,0.0037333333333333333,265017005,,,,,64.0
geometric_tta,ViT-B-16,0.0065,133560673,,,,,32.0
geometric_tta,densenet121,0.4081,133560673,,,,,16.0
geometric_tta,densenet121,0.4126,133560673,,,,,8.0
geometric_tta,resnet18,0.38706666666666667,71397589,,,,,32.0
geometric_tta,,0.6194,265017005,,,,,64.0
geometric_tta,dinov2_vitb14,0.6746666666666666,71397589,,,,81.45666666666666,1.0
geometric_tta,,0.6094333333333334,265017005,,,,,64.0
geometric_tta,dinov2_vitb14,0.0036333333333333335,265017005,,,,,64.0
geometric_tta,densenet121,0.4187,133560673,,,,,32.0
geometric_tta,resnet18,0.3815,133560673,,,,,32.0
geometric_tta,,0.4245333333333333,133560673,,,,,64.0
geometric_tta,resnet18,0.38613333333333333,133560673,,,,,32.0
geometric_tta,,0.3839,71397589,,,,,64.0
geometric_tta,swin_base_patch4_window7_224,0.6060333333333333,71397589,,,,,8.0
geometric_tta,ViT-B-16,0.0064333333333333334,265017005,,,,,64.0
geometric_tta,,0.6089333333333333,71397589,,,,,64.0
geometric_tta,resnet18,0.3749,133560673,,,,,32.0
geometric_tta,dinov2_vitb14,0.6894,71397589,,,,82.93666666666667,32.0
geometric_tta,vit_base_patch16_224,0.5122666666666666,71397589,,,,,32.0
geometric_tta,ViT-B-16,0.005333333333333333,133560673,,,,,64.0
geometric_tta,vit_base_patch16_224,0.5946333333333333,133560673,,,,,8.0
geometric_tta,dinov2_vitb14,0.0039,265017005,,,,,32.0
geometric_tta,dinov2_vitb14,0.0031333333333333335,71397589,,,,,32.0
geometric_tta,ViT-B-16,0.6442333333333333,71397589,,,,83.69666666666666,1.0
geometric_tta,,0.6094666666666667,71397589,,,,,64.0
geometric_tta,densenet121,0.4052,71397589,,,,,8.0
geometric_tta,,0.3957,133560673,,,,,
geometric_tta,vit_base_patch16_224,0.6099333333333333,71397589,,,,,16.0
geometric_tta,,0.34276666666666666,133560673,,,,,
geometric_tta,dinov2_vitb14,0.0034666666666666665,71397589,,,,,32.0
geometric_tta,densenet121,0.41636666666666666,71397589,,,,59.95,32.0
geometric_tta,resnet18,0.3729,133560673,,,,,8.0
geometric_tta,ViT-B-16,0.005566666666666667,265017005,,,,,32.0
geometric_tta,densenet121,0.4209333333333333,71397589,,,,,32.0
geometric_tta,,0.3749,133560673,,,,,64.0
geometric_tta,,0.3957,133560673,,,,,
geometric_tta,,0.39126666666666665,133560673,,,,,64.0
geometric_tta,densenet121,0.4222,133560673,,,,,32.0
geometric_tta,,0.4177,133560673,,,,,64.0
geometric_tta,,0.3839,133560673,,,,,64.0
geometric_tta,vit_base_patch16_224,0.6102666666666666,133560673,,,,,16.0
geometric_tta,ViT-B-16,0.0032333333333333333,71397589,,,,,64.0
geometric_tta,resnet18,0.3679,133560673,,,,,8.0
geometric_tta,vit_base_patch16_224,0.5191333333333333,265017005,,,,,32.0
geometric_tta,dinov2_vitb14,0.0037333333333333333,265017005,,,,,32.0
geometric_tta,swin_base_patch4_window7_224,0.609,265017005,,,,,32.0
geometric_tta,dinov2_vitb14,0.003833333333333333,265017005,,,,,32.0
geometric_tta,,0.6145,133560673,,,,,64.0
geometric_tta,,0.6125666666666667,265017005,,,,,64.0
geometric_tta,ViT-B-16,0.005566666666666667,133560673,,,,,64.0
geometric_tta,,0.33616666666666667,71397589,,,,,
geometric_tta,,0.3957,133560673,,,,,
geometric_tta,resnet18,0.3694,71397589,,,,,8.0
geometric_tta,vit_base_patch16_224,0.5121666666666667,71397589,,,,67.63,32.0
geometric_tta,densenet121,0.4167666666666667,71397589,,,,,16.0
geometric_tta,vit_base_patch16_224,0.5102,133560673,,,,,32.0
geometric_tta,densenet121,0.4183,265017005,,,,,32.0
geometric_tta,ViT-B-16,0.0062,71397589,,,,,32.0
geometric_tta,,0.6078333333333333,133560673,,,,,64.0
geometric_tta,densenet121,0.415,71397589,,,,,16.0
geometric_tta,vit_base_patch16_224,0.5987666666666667,71397589,,,,,8.0
geometric_tta,,0.6187333333333334,71397589,,,,,64.0
geometric_tta,densenet121,0.4124333333333333,71397589,,,,,8.0
geometric_tta,densenet121,0.4073333333333333,133560673,,,,,8.0
geometric_tta,densenet121,0.4176,71397589,,,,,32.0
geometric_tta,ViT-B-16,0.006266666666666667,71397589,,,,,32.0
geometric_tta,vit_base_patch16_224,0.6098,133560673,,,,,16.0
geometric_tta,swin_base_patch4_window7_224,0.6077,133560673,,,,,16.0
geometric_tta,vit_base_patch16_224,0.5126666666666667,265017005,,,,,32.0
geometric_tta,resnet18,0.373,71397589,,,,,16.0
geometric_tta,ViT-B-16,0.006466666666666667,133560673,,,,,32.0
geometric_tta,swin_base_patch4_window7_224,0.6136666666666667,133560673,,,,,32.0
geometric_tta,,0.34276666666666666,265017005,,,,,
geometric_tta,dinov2_vitb14,0.003766666666666667,265017005,,,,,64.0
geometric_tta,resnet18,0.38076666666666664,71397589,,,,,16.0
geometric_tta,vit_base_patch16_224,0.6053333333333333,133560673,,,,,8.0
geometric_tta,,0.6144666666666667,71397589,,,,,64.0
geometric_tta,vit_base_patch16_224,0.5934,71397589,,,,,16.0
geometric_tta,,0.6085666666666667,133560673,,,,,64.0
geometric_tta,,0.42286666666666667,265017005,,,,,64.0
geometric_tta,swin_base_patch4_window7_224,0.6044,133560673,,,,,32.0
geometric_tta,resnet18,0.37446666666666667,71397589,,,,,8.0
geometric_tta,vit_base_patch16_224,0.4671,71397589,,,,62.35000000000001,1.0
geometric_tta,,0.34276666666666666,71397589,,,,,
geometric_tta,dinov2_vitb14,0.003933333333333333,133560673,,,,,32.0
geometric_tta,swin_base_patch4_window7_224,0.61,133560673,,,,,32.0
geometric_tta,vit_base_patch16_224,0.5182,133560673,,,,,32.0
geometric_tta,,0.3957,265017005,,,,,
geometric_tta,,0.3912,265017005,,,,,64.0
geometric_tta,densenet121,0.42173333333333335,265017005,,,,,32.0
geometric_tta,,0.3854,265017005,,,,,64.0
geometric_tta,ViT-B-16,0.003533333333333333,71397589,,,,,64.0
geometric_tta,,0.4183,265017005,,,,,64.0
geometric_tta,vit_base_patch16_224,0.5186666666666667,71397589,,,,,32.0
geometric_tta,ViT-B-16,0.005933333333333333,133560673,,,,,32.0
geometric_tta,swin_base_patch4_window7_224,0.5879333333333333,71397589,,,,74.12333333333333,1.0
geometric_tta,,0.3749,265017005,,,,,64.0
geometric_tta,swin_base_patch4_window7_224,0.5923333333333334,71397589,,,,,8.0
geometric_tta,,0.3957,71397589,,,,,
geometric_tta,swin_base_patch4_window7_224,0.6094333333333334,71397589,,,,,16.0
geometric_tta,,0.34276666666666666,71397589,,,,,
geometric_tta,,0.34276666666666666,265017005,,,,,
geometric_tta,,0.3957,265017005,,,,,
geometric_tta,swin_base_patch4_window7_224,0.5934,133560673,,,,,8.0
geometric_tta,swin_base_patch4_window7_224,0.5921,133560673,,,,,16.0
geometric_tta,,0.3957,71397589,,,,,
geometric_tta,ViT-B-16,0.0064333333333333334,265017005,,,,,64.0
geometric_tta,,0.6134,71397589,,,,,64.0
geometric_tta,dinov2_vitb14,0.003266666666666667,133560673,,,,,32.0
geometric_tta,swin_base_patch4_window7_224,0.6131,71397589,,,,,32.0
geometric_tta,ViT-B-16,0.005333333333333333,133560673,,,,,64.0
geometric_tta,resnet18,0.3739,265017005,,,,,32.0
geometric_tta,resnet18,0.38316666666666666,265017005,,,,,32.0
geometric_tta,densenet121,0.41763333333333336,265017005,,,,,32.0
geometric_tta,,0.4238,265017005,,,,,64.0
geometric_tta,resnet18,0.3868,265017005,,,,,32.0
geometric_tta,swin_base_patch4_window7_224,0.5909666666666666,71397589,,,,,16.0
geometric_tta,,0.6100333333333333,133560673,,,,,64.0
geometric_tta,dinov2_vitb14,0.0038666666666666667,133560673,,,,,64.0
geometric_tta,,0.6179,133560673,,,,,64.0
geometric_tta,resnet18,0.37943333333333334,71397589,,,,,16.0
geometric_tta,,0.42246666666666666,71397589,,,,,64.0
geometric_tta,dinov2_vitb14,0.003766666666666667,133560673,,,,,64.0
geometric_tta,ViT-B-16,0.0031333333333333335,71397589,,,,,64.0
geometric_tta,ViT-B-16,0.006266666666666667,265017005,,,,,32.0
geometric_tta,vit_base_patch16_224,0.5925666666666667,133560673,,,,,16.0
geometric_tta,vit_base_patch16_224,0.5976333333333333,133560673,,,,,8.0
geometric_tta,swin_base_patch4_window7_224,0.5921,71397589,,,,,8.0
geometric_tta,resnet18,0.37116666666666664,71397589,,,,,8.0
geometric_tta,,0.34276666666666666,265017005,,,,,
retristyle,densenet121,0.47153333333333336,71397589,dino,zero,8.0,54.35666666666666,
retristyle,densenet121,0.49516666666666664,71397589,dino,tpt,16.0,62.42333333333333,
retristyle,resnet18,0.46303333333333335,71397589,dino,zero,16.0,56.266666666666666,
retristyle,swin_base_patch4_window7_224,0.6327333333333334,71397589,dino,zero,32.0,73.53333333333333,
retristyle,densenet121,0.4433,71397589,dino,zero,2.0,45.76,
retristyle,vit_base_patch16_224,0.5691333333333334,71397589,dino,vanilla,16.0,73.22666666666666,
retristyle,vit_base_patch16_224,0.568,71397589,dino,zero,32.0,68.07,
retristyle,densenet121,0.49193333333333333,71397589,dino,zero,16.0,59.43000000000001,
retristyle,resnet18,0.4594,71397589,dino,vanilla,16.0,62.94666666666666,
retristyle,densenet121,0.4678,71397589,dino,zero,4.0,48.18666666666667,
retristyle,densenet121,0.49346666666666666,71397589,dino,zero,32.0,60.81666666666666,
retristyle,vit_base_patch16_224,0.5151333333333333,71397589,dino,zero,2.0,52.69666666666667,
retristyle,resnet18,0.4369,71397589,dino,zero,4.0,45.2,
retristyle,swin_base_patch4_window7_224,0.6074333333333334,71397589,dino,zero,8.0,67.74,
retristyle,vit_base_patch16_224,0.5368666666666667,71397589,dino,zero,4.0,54.876666666666665,
retristyle,swin_base_patch4_window7_224,0.6230666666666667,71397589,dino,tpt,16.0,73.53333333333333,
retristyle,resnet18,0.4049,71397589,dino,zero,2.0,42.03,
retristyle,vit_base_patch16_224,0.5630666666666667,71397589,dino,zero,16.0,66.64,
retristyle,densenet121,0.49243333333333333,71397589,dino,vanilla,16.0,66.95,
retristyle,resnet18,0.465,71397589,dino,zero,32.0,57.486666666666665,
retristyle,vit_base_patch16_224,0.5392,71397589,dino,zero,8.0,61.24666666666667,
retristyle,vit_base_patch16_224,0.5575333333333333,71397589,dino,tpt,16.0,66.72,
retristyle,swin_base_patch4_window7_224,0.6106,71397589,dino,zero,4.0,62.03666666666666,
retristyle,swin_base_patch4_window7_224,0.6297666666666667,71397589,dino,zero,16.0,72.13333333333334,
retristyle,swin_base_patch4_window7_224,0.5973,71397589,dino,zero,2.0,60.69,
retristyle,resnet18,0.4635,71397589,dino,tpt,16.0,58.43666666666667,
retristyle,resnet18,0.44326666666666664,71397589,dino,zero,8.0,51.32,
retristyle,swin_base_patch4_window7_224,0.6325333333333333,71397589,dino,vanilla,16.0,79.17333333333333,
